Workbook

Sheet Sheet1
A1: aэt | B1: =Sheet3!L89 -> 2.45 | C1: ارتفاع السقف, م | D1: kр.г | E1: =Sheet3!K56 -> 0.56 | F1: عامل التدمير للتربة حول الجدار | G1: Kp.pc | H1: =Sheet3!K55 -> 0 | I1: معامل تدمير طبقة توزيع الضغط | K1: Lk | L1: 50 | M1: طول المنشأة,م | O1: Bk | P1: 20 | Q1: عرض المنشأة,م
A2: bp | B2: =Sheet3!N89 -> 3 | C2: المجاز الطويل, م | D2: kр.бt | E2: =Sheet3!K54 -> 0 | F2: عامل التدمير لبيتون يلاطة الحماية | G2: A | H2: =L2 -> 5 | I2: عامل متعلق بتربة توزيع الضغط | K2: A | L2: 5 | M2: عامل متعلق بالتربة حول الجدار
A3: ap | B3: =Sheet3!P89 -> 1 | C3: المجاز القصير, م | D3: γοбс | E3: =Sheet3!Q94 -> 0 | F3: الوزن الحجمي لطبقة التمويه, كغ/م3 | G3: n1 | H3: =L3 -> 3 | I3: عامل متعلق بتربة توزيع الضغط | K3: n1 | L3: 3 | M3: عامل متعلق بالتربة حول الجدار | P3: استحدام البرنامج من ال(Sheet3)
A4: P | B4: =Sheet3!E23 -> 547 | C4: وزن القنبلة كغ | D4: γ p.c | E4: =Sheet3!N94 -> 0 | F4: الوزن الحجمي لطبقة توزيع الضغط, كغ/م3 | G4: μп | H4: =Sheet3!I121 -> 0.001 | I4: عامل متعلق ب (־hᴈ) للسقف | K4: μc | L4: =H4 -> 0.001 | M4: عامل متعلق ب (־hᴈ) للجدار | O4: دراسة الحمولة الحسابية على سقف النفق نتيجة انفجار قنبلة بعد اختراقها للتربة
A5: lk | B5: =Sheet3!G23 -> 1.37 | C5: طول جسم القنبلة, م | D5: C | E5: =Sheet3!M23 -> 270 | F5: وزن الحشوة في القنبلة, كغ | G5: ηп | H5: =Sheet3!M121 -> 0.006 | I5: عامل متعلق ب (־hᴈ) للسقف | K5: ηc | L5: =H5 -> 0.006 | M5: عامل متعلق ب (־hᴈ) للجدار
A6: lᴈ/dᴈ | B6: =Sheet3!I23 -> 2.8 | C6: وزن الحشوة الى قطرها | D6: hoбc | E6: =Sheet3!B89 -> 0 | F6: سماكة طبقة التمويه فوق البلاطة, م | G6: Kt.п | H6: =Sheet3!C116 -> 1 | I6: عامل متعلق ب (־hᴈ) للسقف | K6: Kt.п | L6: =H6 -> 1 | M6: عامل متعلق ب (־hᴈ) للجدار
A7: loб | B7: =Sheet3!F23 -> 2.46 | C7: طول القنبلة العام , م | D7: V | E7: =Sheet3!C32 -> 600 | F7: السرع الابتدائية لسقوط القنبلة, م/ث | G7: a0п | H7: =L7 -> 600 | I7: للسقف | K7: a0c | L7: =Sheet3!F68 -> 600 | M7: للجدار
A8: lгч/d | B8: =Sheet3!K23 -> 1 | C8: نسبة طول الرأس الحربي للقطر | D8: α | E8: =Sheet3!F32 -> 30 | F8: زاوية سقوط القنبلة, درجة | G8: a0п/a1п | H8: =L8 -> 2 | I8: a1п | J8: =H7/H8 -> 300 | K8: a0c/a1c | L8: =Sheet3!I68 -> 2 | M8: a1c | N8: =L7/L8 -> 300
A9: Hct | B9: =Sheet3!H89 -> 0.15 | C9: السماكة المبدأية للجدار الخارجي, م | D9: n0 | E9: 1.25 | F9: عامل متعلق بنوع بلاطة الحماية(جدول1) | G9: a0пz | H9: =Sheet3!K135 -> 680 | I9: يوضع بعد حسابات 5.5 | K9: a0cz | L9: =H9 -> 680 | M9: يوضع بعد حسابات 8.5
A10: Hвct | B10: 0.3 | C10: السماكة المبدأية للجدار الداخلي, م | D10: kвt.бt | E10: =Sheet3!I54 -> 0 | F10: عامل تصدع بيتون البلاطة من جهة الانفجار | G10: a1пz | H10: =Sheet3!K163 -> 350 | I10: يوضع بعد حسابات 5.5 | K10: a1cz | L10: =H10 -> 350 | M10: يوضع بعد حسابات 8.5
A11: Hф | B11: =Sheet3!F89 -> 0.15 | C11: السماكة المبدأية للأرضية, م | D11: dk | E11: =Sheet3!H23 -> 0.48 | F11: نصف قطر جسم القنبلة, م | G11: Ea | H11: =Sheet3!Q79 -> 2100000 | I11: عامل مرونة الحديد,كغ/سم2 | K11: ξ | L11: =Sheet3!J68 -> 0.55 | M11: معامل الضغط الجانبي لتربة الجدار
A12: Hп | B12: =Sheet3!J89 -> 0.15 | C12: السماكة المبدأية للسقف, م | D12: K1 | E12: =Sheet3!M29 -> 1.639 | F12: عامل قوة المادة المتفجرة في القنبلة نسبة للتراتيل | G12: ψп | H12: 0.008 | I12: نسبة تسليح البيتون مساحيا | K12: ρ,kg.s2/m4 | L12: =Sheet3!D69 -> 0 | M12: كثافة طبقة توزيع الضغط
A13: kпр.г | B13: =Sheet3!G56 -> 1.5e-06 | C13: معامل الاختراق للتربة | D13: kot.бt | F13: عامل تصدع البيتون من الجهة المعاكسة للانفجار | G13: السقف مع الجدار | H13: 1 | I13: وثاقة(1), متمفصل(2) | K13: ρ,kg.s2/m4 | L13: =Sheet3!D68 -> 180 | M13: كثافة التربة حول الجدار
A14: kпр.б | B14: =Sheet3!G57 -> 0 | C14: معامل اختراق بيتون السقف | D14: kot.г | F14: عامل تصدع التربة من الجهة المعاكسة للانفجار | G14: RsH | H14: =Sheet3!O79 -> 4000 | I14: مقاومة الحديد كغ/سم2 | K14: H | L14: =Sheet3!G94 -> 9.5 | M14: عمق توضع سقف النفق
A15: γб | B15: =Sheet3!R94 -> 2500 | C15: الوزن الحجمي للبيتون, كغ/م3 | D15: K kp.ct | E15: 1.1 | F15: عامل يتعلقق بطبيعة جدار المنشأة | G15: RbH | H15: =Sheet3!F77 -> 200 | I15: مقاومة البيتون كغ/سم2
A16: γг | B16: =Sheet3!P94 -> 2000 | C16: وزن حجمي لتربة الجدار, كغ/م3 | D16: m1 | E16: 1.65 | F16: عامل يتعلقق بطبيعة التربة المخترقة | G16: R٭־п | H16: =Sheet3!F109 -> 0.55 | I16: متعلق بتربة توزيع الضغط وتوضع قيمتها لاحقا بعد حساب ᴈ־hمن الفقرة5.1
A17: المعطيات الأساسية | G17: Kпοд.b | H17: =Sheet3!E194 -> 1.18 | I17: للسقف/بيتون | J17: Kпοд.b | K17: =H17 -> 1.18 | L17: للجدار/بيتون
G18: Kпοд.s | H18: =Sheet3!E192 -> 1.18 | I18: للسقف/حديد | J18: Kпοд.s | K18: =H18 -> 1.18 | L18: للجدار/حديد
G21: Pk | H21: =Sheet3!M84 -> 32.175 | I21: وزن المنشأة ,طن
G22: Kп,п | H22: =Sheet3!L208 -> 0.86 | I22: يوضع بعد حسابات 5.7
G23: Kд,п | H23: =Sheet3!K229 -> 0 | I23: معاما الديناميك يوضع بعد حسابات 5.9
G24: R٭־п | H24: =H16 -> 0.55 | I24: متعلق بتربة الجداروتوضع قيمتها لاحقا بعد حساب ᴈ־hمن الفقرة6.2
G25: Kп,c | H25: =H22 -> 0.86 | I25: يوضع بعد حسابات 8.7
G26: Kд,c | H26: =H23 -> 0 | I26: معاما الديناميك يوضع بعد حسابات.8.9
K34: يجب املاء جدول المعطيات الرئيسية | P34: 1
K36: تحديد عمق الاختراق في التربة | P36: 2
C38: ; ht = n0(rвt - ц)
D39: م | E39: =E40*E41*B13*(B4/(E11)^2)*E7*COS((E8)*(3.14/180)) -> 2.1523624 | F39: hпр.t = λ1*λ2*kпр.г*p/(d)^2*V*COS(α), m
E40: =0.5+0.4*((B8)^0.666) -> 0.9 | F40: λ1= 0.5+0.4*(lгч/d)^0.666
E41: =2.8*((E11)^0.333)-1.3*((E11)^0.5) -> 1.2921959 | F41: λ2 = 2.8*{(d)^0.33}-1.3*{(d)^0.5}
E42: =(3.5-(B8)) -> 2.5 | F42: n ={3.5 -lгч/d)
C43: اذا كان lᴈ/dᴈ اكبر من 3 فالحشوة متطاولة وإلا فالحشوة مجمعة
B44: Cэф= 0.95*k1*C | D44: =0.95*E12*E5 -> 420.4035 | F44: Cэф1= Cэф/lᴈ | G44: =D44/G46 -> 329.26339
A45: k1: عامل يتعلق بنوع المواد المتفجرة وهو لل ت ن ت يساوي 1.639 اي اقوى من التراتيل بهذا المقدار | L45: ц=0.5 lk*COS((α+nα)/2) | N45: =0.5*B5*COS((0.5*E8+0.5*E8*E42)*3.14/180) -> 0.41725398 | O45: m
F46: lᴈ=dᴈ*(lᴈ/dᴈ)=0.95dk*(lᴈ/dᴈ) | G46: =0.95*E11*B6 -> 1.2768 | H46: m
C48: m : هو عامل الدكة وهو يساوي 1.1 عندما تكون سماكة طبقة التمويه اكبر من 0.5 متر ويكون مساويا 1 عندما تكون اصغر او تساوي 0.5متر
E49: =1.65 -> 1.65
M83: حساب الحمولات على السقف | Q83: 3
J84: وتحديد نوع الموجة | M84: حساب التوتر الاعظمي في موجة الضغط maxбв | Q84: 3.1
H85: if h־ᴈ >= 0.7 | K85: maxбв=A*(R־)^-n1 | Q85: =H2*Q89^(-H3) -> 4.4627902
H86: if h־ᴈ < 0.7 | K86: maxбв=0.6*m*A*(R־)^-n1 | Q86: =Q85*0.6*E49 -> 4.4181623
M87: h־ᴈ =hᴈ/(Cэф)^0.333 | Q87: =Q88/(D44^0.333) -> 0.23208428
F88: Rэkв < ٭R,الشرط غير محقق | L88: hᴈ = hnp - ц | Q88: =E39-N45 -> 1.7351084
F89: Rэkв > ٭R , الشرط محقق | M89: R־=Rэkв/(Cэф)^0.333 | Q89: =Q90/D44^0.333 -> 1.0386148
M90: Rэkв= H-hз | Q90: =L14-Q88 -> 7.7648916
M91: R٭=R٭־(Cэф)^0.333 | Q91: =H16*(D44^0.333) -> 4.1119098
P92: maxбв= | Q92: =IF(Q87<0.7,Q86,Q85) -> 4.4181623 | R92: kg/cm2
O96: تقييم طبيعة الموجة | Q96: 5.2
Q98: =IF(Q90>Q91,F89,F88) -> Rэkв > ٭R , الشرط محقق
G102: 2 | M102: 1
N104: حساب الزمن الكلي لتأثير الموجة (τ) | Q104: 5.3
M106: 0.375 < R־ | N106: τ = μ(Cэф)^0.333 + η.Rэkв | Q106: =H4*((D44)^0.333)+Q90*H5 -> 0.054065549
M107: 0.375 >= R־ | N107: τ = Kt*0.0035*(Cэф)^0.333 | Q107: =0.0035*H6*D44^0.333 -> 0.026166698
P108: τ = | Q108: =IF(Q89>0.375,Q106,Q107) -> 0.054065549
N111: حساب الزمن الفعال لتأثير الموجة (τэф) | Q111: 5.4
H113: maxбв | I113: 0 | J113: 5 | K113: 10 | L113: 15 | M113: 20 | N113: 25
H114: τэф/τ | I114: 1 | J114: 0.83 | K114: 0.695 | L114: 0.595 | M114: 0.538 | N114: 0.52
L116: τэф = τ*(0.0008*((maxбв)^2)-0.0384*maxбв +1.0013) | R116: =Q108*(0.0008*((Q92)^2)-0.0384*Q92+1.0013) -> 0.045807507
L137: حساب الزمن التصاعدي لقيمة الضغط في الموجة τн | Q137: 5.5
L139: τн ={(a0cp -a1cp)/(a0cp*a1cp)}*{Rэкв-R٭} | Q139: =((O143-O144)/(O143*O144))*(Q90-Q91) -> 0.00553216 | R139: s
J141: عمق توضع السقف | L141: Zп = H | O141: =L14 -> 9.5 | P141: m
M143: a0cp = (a0 + a0z)/2 | O143: =(H7+H9)/2 -> 640 | P143: m/s
M144: a1cp = (a1 + a1z)/2 | O144: =(H10+J8)/2 -> 325 | P144: m/s
I146: بناء على قيمة (a0) وقيمة (Zп) من الرسم ص76 نجد قيمة (a0z) ونفس الكلام بالنسبة ل(a1z)
L152: حساب قيمة التواتر(الاهتزاز) ω | Q152: 5.6
L155: ω={(1/ap)^2}*C*μ*{(B/me.д)^0.5} | Q155: =(1/((B3*100)^2))*Q156*Q171*((Q161/Q165)^0.5) -> 108426.04 | R155: ثا^-1
P156: C = | Q156: =IF(H13=1,Q158,Q157) -> 209.13258
K157: تمفصل | L157: C=9.87*(1+(η)^2) | Q157: =9.87*(1+(Q160)^2) -> 98.7
K158: وثاقة | L158: C=22.37*{1+0.6*(η)^2 +(η)^4}^0.5 | Q158: =22.37*(1+0.6*((Q160)^2)+((Q160)^4))^0.5 -> 209.13258
N159: μ=f(Hп/ap)
J160: ص85 | M160: η=bp/ap | Q160: =B2/B3 -> 3
L161: B=0.85*Ea*Fa.s*(h0-x)(h0-0.5x) | Q161: =0.85*Q162*H11*(Q163-Q167)*(Q163-0.5*Q167) -> 1.1797501e+09 | R161: كغ.سم2
L162: Fa.s =100cm*h0cm*نسبة التسليح | Q162: =Q163*Sheet3!D89*100 -> 9 | R162: cm2
M163: h0= Hп-5cm | Q163: =(B12*100-5) -> 10 | R163: cm
K165: me.д=(Hn*γb)/(9.81) | Q165: =(Sheet3!J89*100*Sheet3!R94*0.000001)/(9.81*100) -> 3.82263e-05 | R165: كغ ثا2/سم3
K167: x=(Rsd*Fas)/(Rbd*100) | Q167: =Q168*Q162/(Q169*100) -> 1.89 | R167: cm
D168: 0.1 | E168: 0.2 | F168: 0.3 | G168: 0.4 | H168: 0.5 | O168: Rsd=RsH*1.05*Kпοд | Q168: =1.05*H14*H18 -> 4956 | R168: kg/cm2
D169: 1 | E169: 0.87 | F169: 0.74 | G169: 0.615 | H169: 0.5 | O169: Rbd=RbH*Kпοд | Q169: =H15*H17 -> 236 | R169: kg/cm2
L171: μ= -1.255(Hп/ap)+1.1215 | Q171: =-1.255*(B12/B3)+1.1215 -> 0.93325
L174: التأكد من تحقيق الشرط τэф>=0.2π/ω | Q174: 5.7
L175: τэф= | M175: =R116 -> 0.045807507
L176: 0.2π/ω= | M176: =0.2*3.14/Q155 -> 5.7919667e-06 | O176: =IF(M175>=M176,"الشرط محقق","غير محقق") -> الشرط محقق
L179: حساب الحمولة الاعظمية Pmax | Q179: 5.8
M181: Pmax = 2*Kп*maxбв | Q181: =2*H22*Q92 -> 7.5992392 | R181: kg/cm2
L183: Kп = f{λ=mc/2a1*ρp.c*τн} | P183: λ= | Q183: =P185/(2*J8*Q139*B15) -> 1.4863092
M185: mc = Pk*1.15*1000/Fпοk | P185: =H21*1000*1.15/P186 -> 12333.75 | Q185: كغ/m2
O186: Fпοk = | P186: =Sheet1!B2*B3 -> 3 | Q186: m2
L188: حساب الحمولة المكافئة Pэкв | Q188: 5.9
M190: Pэкв= kд*kψ*Pmax | Q190: =H23*0.9*Q181 -> 0 | R190: kg/cm2
K192: من ص 83 عند K=3 | N192: kд=f(ω.τн) | P192: ω.τн = | Q192: =Q155*Q139 -> 599.83019 | R192: 1/c
N193: kψ=0.9
L195: حساب الحمولة الحسابية Pp | Q195: 5,10
M197: Pp = Pэкв+Pct | Q197: =Q199+Q190 -> 1.9 | R197: kg/cm2
N199: Pct =(Z*γ)/10000 | Q199: =Sheet3!G94*Sheet3!P94/10000 -> 1.9 | R199: kg/cm2

Sheet Sheet2
O18: منطقة الحمل الديناميكي
K21: النفق

Sheet Sheet3
O1: عزيزي المهندس الشاطر: يتم استخدام هذا البرنامج من خلال هذه الصفحة وستكون الإدخالات والمخرجات في هذه الصفحة ولاداعي لفتح الصفحة الاولى والثانية لأن اي كتابة او تعديل سيؤدي الى تخريب البرنامج
N2: ارجو منك الالتزام بطريقة العمل حسب ماسأكتبه ادناه. القيم الموضوعة هي لحالة دراسية معينة اما انت فاختر ماتريده وستتغير الارقام والحسابات بناء على دراستك انت.
Q4: ادخل المعطيات الاساسية بعد النظر الى الجداول والرسوم وضع قيم هذه المعطيات في المربعات المخصصة باللون الاحمر | R4: A
H6: جدول 1 | Q6: القنبلة المستخدمة: ان هذه الدراسة تخص القنابل الخارقة التي تخرق مسافة معينة في بلاطة الحماية وتنفجر بعد زمن | R6: A-1
C7: نوع القنبلة | D7: عياره(فونت) | E7: الوزن,كغ | F7: الطول العام, م | G7: طول الهيكل, م | H7: قطر الهيكل,م | I7: نسبة طول الحشوة الى قطر الهيكل | K7: نسبة طول الرأس الحربي الى القطر | M7: وزن المواد المتفجرة, كغ | O7: نوع المادة المتفجرة
B8: الترميز | C8: _ | D8: _ | E8: P | F8: loб | G8: lk | H8: dk | I8: lᴈ/dk | K8: lгч/dk | M8: C | O8: _
B9: 1 | C9: AN-M30A1 | D9: 100 | E9: 61 | F9: 1.38 | G9: 0.76 | H9: 0.21 | I9: 3.6 | K9: 1 | M9: 23 | O9: تريتونال
B10: =1+B9 -> 2 | C10: AN-M57A1 | D10: 250 | E10: 131 | F10: 1.58 | G10: 0.95 | H10: 0.28 | I10: 3.4 | K10: 1 | M10: 62 | O10: تريتونال
B11: =1+B10 -> 3 | C11: AN-M64A1 | D11: 500 | E11: 264 | F11: 1.83 | G11: 1.21 | H11: 0.36 | I11: 3.3 | K11: 1 | M11: 128 | O11: تريتونال
B12: =1+B11 -> 4 | C12: M117(M) | D12: 750 | E12: 373 | F12: 2.27 | G12: 1.42 | H12: 0.41 | I12: 3.5 | K12: 1 | M12: 177 | O12: تريتونال
B13: =1+B12 -> 5 | C13: AN-M65A1 | D13: 1000 | E13: 547 | F13: 2.46 | G13: 1.37 | H13: 0.48 | I13: 2.8 | K13: 1 | M13: 270 | O13: تريتونال
B14: =1+B13 -> 6 | C14: AN-M66A1 | D14: 2000 | E14: 1033 | F14: 2.97 | G14: 1.82 | H14: 0.59 | I14: 3.1 | K14: 1 | M14: 526 | O14: تريتونال
B15: =1+B14 -> 7 | C15: _ | D15: 3000 | E15: 1383 | F15: 4.7 | G15: 3.07 | H15: 0.61 | I15: 5 | K15: 1 | M15: 816 | O15: تريتونال
B16: =1+B15 -> 8 | C16: MK81 | D16: 250 | E16: 118 | F16: 1.88 | G16: 1.18 | H16: 0.23 | I16: 5.2 | K16: 2.5 | M16: 45 | O16: تريتونال
B17: =1+B16 -> 9 | C17: MK82 | D17: 500 | E17: 241 | F17: 2.21 | G17: 1.55 | H17: 0.27 | I17: 5.7 | K17: 2.5 | M17: 87 | O17: تريتونال
B18: =1+B17 -> 10 | C18: MK83 | D18: 1000 | E18: 441 | F18: 3.01 | G18: 1.92 | H18: 0.36 | I18: 5.3 | K18: 2 | M18: 215 | O18: تريتونال
B19: =1+B18 -> 11 | C19: MK84 | D19: 2000 | E19: 894 | F19: 3.83 | G19: 2.41 | H19: 0.46 | I19: 5.2 | K19: 2 | M19: 430 | O19: تريتونال
B20: =1+B19 -> 12 | C20: MK81 سنيكاي | D20: 250 | E20: 134 | F20: 1.91 | G20: 1.19 | H20: 0.23 | I20: 5.2 | K20: 2.5 | M20: 45 | O20: تريتونال
B21: =1+B20 -> 13 | C21: MK82 سنيكاي | D21: 500 | E21: 260 | F21: 2.26 | G21: 1.55 | H21: 0.27 | I21: 5.7 | K21: 2.5 | M21: 87 | O21: تريتونال
B22: =1+B21 -> 14 | C22: M117R | D22: 750 | E22: 380 | F22: 2.21 | G22: 1.12 | H22: 0.11 | I22: 3.5 | K22: 1 | M22: 177 | O22: تريتونال
E23: 547 | F23: 2.46 | G23: 1.37 | H23: 0.48 | I23: 2.8 | K23: 1 | M23: 270
R24: ملاحظة: اذا كانت القنيلة المطلوبة غير موجودة في الجدول يجب معرفة مواصفاتها ووضعها في المربعات الحمر
F26: جدول رقم 2 | N26: جدول رقم3
B27: للقنابل الغير الموجهة V تساوي 250-300 م/ثا اما α فتساوي 20-30 درجة | L27: نوع المادة المتفجرة | N27: تريتونال 80-20 | O27: خليط v | P27: تورليكس H6 | Q27: تريتونال 90/40 | R27: ايدنالود
D28: اما للقنابل الموجهة فحسب الجدول | I28: للصواريخ | L28: معامل المادة المتفجرة-K1 | N28: 1.639 | O28: 1.34 | P28: 1.26 | Q28: 1.23 | R28: 1.05
D29: م/ثا ,V | E29: 300-400 | F29: 400-600 | I29: V | J29: α | L29: K1= | M29: 1.639
D30: درجة,α | E30: 25-40 | F30: 30-45 | I30: 790-940 | J30: 40-60 | R30: جدول 3 يبين قوة المادة المتفجرة في القنبلة منسوبا الى التراتيل
B32: V= | C32: 600 | E32: α= | F32: 30
J34: جدول 2 يبين السرعة الابتدائية لسقوط القنبلة وزاوية الميل عن الشاقول عند الاصطدام بالارض
Q35: مواصفات والمعاملات الخاصة بالتربة والبيتون و حديد التسليح | R35: A-2
G38: جدول رقم 5
C39: نوع المادة | G39: معامل الاختراق | I39: معامل التصدع من جهة الانفجار | K39: معامل التدمير | L39: معامل التصدع من الجهة المعاكسة
E40: الترميز | G40: Kпp | I40: Kв | K40: Kp | M40: Kot
C41: طين رخو مشبع بالماء | G41: 1.3e-05 | I41: 0.6 | K41: 0.85 | M41: _
C42: طين متوسط الكثافة | G42: 7e-06 | I42: 0.5 | K42: 0.6 | M42: _
C43: طبقة طينية طبيعية مع وجود احجار في تشكيلها | G43: 6e-06 | I43: 0.5 | K43: 0.6 | M43: _
C44: طبقة رمل مخلط بالشوائب | G44: 5e-06 | I44: 0.5 | K44: 0.6 | M44: _
C45: طبقة رمل نقي طبيعي/او طبقة كلسية مفتتة | G45: 4.5e-06 | I45: 0.5 | K45: 0.63 | M45: _
C46: طبقة من البلوك او الاحجارة المرصوفة | G46: 3e-06 | I46: 0.25 | K46: 0.58 | M46: 0.88 | P46: جدول رقم 6
C47: طبقة بلوك او احجارة مرصوفة مع استخدام الاسمنت | G47: 2.5e-06 | I47: 0.25 | K47: 0.61 | M47: 0.81 | N47: نوع التربة | Q47: A | R47: n1
C48: غرانيت او غنيس | G48: 7e-07 | I48: 0.2 | K48: 0.53 | M48: 0.75 | N48: رمل رخو او رمل مع شوائب | Q48: 2~3 | R48: 3
C49: صخر كلسي | G49: 1.5e-06 | I49: 0.25 | K49: 0.56 | M49: 0.79 | N49: طين مع حجار | Q49: 5 | R49: 3
C50: بيتون عادي مقاومة 170 kg/cm2 | G50: 1.2e-06 | I50: 0.16 | K50: 0.36 | M50: 0.51 | N50: طين متوسط الكثافة | Q50: 18 | R50: 2.8
C51: بيتون عادي مقاومة 225 kg/cm2 | G51: 1e-06 | I51: 0.16 | K51: 0.34 | M51: 0.48 | N51: تربة رملية او كلسية | Q51: 4 | R51: 3
C52: بيتون مسلح مقاومة 200 كغ/سم2 | G52: 8e-07 | I52: 0.13 | K52: 0.32 | M52: 0.46 | N52: مادة التربة حول المنشأة | Q52: 5 | R52: 3
C53: بيتون مسلح مقاومة250-300 كغ/سم2 | G53: 7e-07 | I53: 0.13 | K53: 0.3 | M53: 0.44
N54: جدول 6 يحدد قيمة عوامل تجريبية مطلوبة لتحديد قيمة الضغط الاعظمي
R55: الناتج عن انفجار القنبلة على السقف.
C56: مادة التربة الاساسية حول المنشأة | G56: 1.5e-06 | I56: 0.25 | K56: 0.56 | M56: 0.79
M58: جدول 5 يبين معاملات خاصة بطبيعة سلوك الوسط الذي تخترقه القنبلة او تنفجر فيه
F61: جدول 7 | R61: ملاحظة مهمة: قد تكون التربة عندك غير معروضة هنا, لذلك ياصديقي يجب ان تشغل مخك
B62: نوع التربة | D62: الكثافة, كغ*ثا^2/م4 | F62: سرعة انتشار الامواج الطولية المرنة,م/ثا | I62: النسبة | J62: معامل الضغط الجانبي | R62: ويمكنك ان تختار قيمة معاملات هذه التربة حسب تقديرك. مثلا: اذا حفرت المنشأة في تربة صخرية
B63: الترميز | D63: ρ | F63: a0 | I63: a0/a1 | J63: ξ | R63: فهل هذه التربة قاسية مثل البيتون العادي اذا كان كذلك استخدم معاملات البيتون العادي واذا كانت اقل
B64: رمل رخو او رمل مع شوائب | D64: 150 - 155 | F64: 100 -150 | I64: 2.5 - 3 | J64: 0.4 - 0.5 | R64: قساوة بقليل فخفض او زد قيمة هذه المعاملات بعد المقارنة العقلية مع انواع التربة المدرجة في الجداول
B65: تربة رملية او كلسية | D65: 160 - 165 | F65: 200 - 500 | I65: 2.5 | J65: 0.35 - 0.4 | R65: اي هل تخفض ام تزيد وكم تخفض او تزيد
B66: طين مع حجار | D66: 180 - 185 | F66: 400 - 600 | I66: 2 | J66: 0.5 - 0.6
B67: طين متوسط الكثافة | D67: 195 -200 | F67: 500 - 800 | I67: 1.5 | J67: 0.5 - 0.7
B68: التربة حول المنشأة | D68: 180 | F68: 600 | I68: 2 | J68: 0.55
E73: جدول 8 | N73: جدول9
C74: مقاومة البيتون(سقف + جدار) على الضغط حسب ماركة البيتون (Rb,н), كغ/سم2 | L74: مواصفات حديد التسليح المستخدم
B75: الماركة | C75: M200 | D75: M300 | E75: M350 | F75: M400 | G75: M500 | H75: M600 | I75: M700 | J75: M800 | L75: ماركة الحديد | N75: مقاومة الشد عند حد السيولة,كغ/سم2 | P75: معامل المرونة, كغ/سم2
B76: Rb,н | C76: 115 | D76: 170 | E76: 200 | F76: 225 | G76: 280 | H76: 340 | I76: 390 | J76: 450 | L76: A-1 | N76: 2100 | P76: 2100000
E77: Rb,н = | F77: 200 | L77: A-11 | N77: 3000 | P77: 2100000
L78: A-111 | N78: 4000 | P78: 2100000
N79: Raн = | O79: 4000 | P79: Ea = | Q79: 2100000
N83: مواصفات عامة للمنشأة | R83: A-3
I84: يتم حسابه تلقائيا لذلك لاداعي للادخال هنا | J84: وزن المنشأة , طن | L84: Pk = | M84: =(J89*P89*1.25+2*L89*H89+P89*F89)*10*2.5*1.2 -> 32.175
O86: جدول10
C87: نسبة تسليح البيتون المبدأية | E87: سماكة الارضية المبدأية | G87: سماكة الجدار المبدأية | I87: سماكة السقف المبدأية | K87: الارتفاع الداخلي الصافي | M87: طول المجاز الكبير | O87: طول المجاز الصغير | Q87: العرض الكلي,م
C88: μ | E88: Hф, m | G88: Hc, m | I88: Hп, m | K88: aэ, m | M88: bp,m | O88: ap, m | Q88: Bk, m
D89: 0.009 | F89: 0.15 | H89: 0.15 | J89: 0.15 | L89: 2.45 | N89: 3 | P89: 1 | Q89: 6.3
R90: ملاحظة: ان سماكة السقف والجدار والارضية توضع هنا لاجراء بعض الحسابات الاولية
N92: الوزن الحجمي, كغ/م3
E93: عمق توضع سقف النفق عن نقطة اصطدام القنبلة بسطح الارض | P93: التربة الاساسية | R93: البيتون
E94: H= | G94: 9.5 | I94: m | P94: 2000 | R94: 2500
Q97: في هذا الجزء سيقوم البرنامج باجراء الحسابات بعد ادخال المعطيات اعلاه ولكن بعض المعطيات لايمكن ادخالها الا بعد اجراء حسابات معينة, وفي هذا الجزء سنظهر بعض نتائج الحسابات الضرورية لمعرفة بعض المعطيات وادخالها | R97: B
Q99: عند تحديد نوع الموجة المؤثرة على السقف وعلى الجدار يطلب معرفة قيمة( R¯̽) بناء على قيمة ḧ لذلك يا أخي انظر الى قيمة ḧ بالمربع باللون الاخضر وضع قيمة( R¯̽) الموافقة في المربع الاحمر | R99: B-1
E101: قيمة ( R¯̽)
C102: 1 | E102: 0.4< ḧ<=0.8 | F102: ḧ<=0.4 | H102: ḧ = | I102: =Sheet1!Q87 -> 0.23208428 | J102: للسقف
C103: رمل رخو او رمل مع شوائب | E103: 0.35 - 0.7 | F103: 0.35
C104: تربة رملية او كلسية | E104: 0.5 - 0.9 | F104: 0.5
C105: طين مع حجار | E105: 0.55 - 0.9 | F105: 0.55
C106: طين متوسط الكثافة | E106: 0.65 - 1.0 | F106: 0.65
C107: صخر متوسط القساوة | E107: 0.75 - 1.1 | F107: 0.75
D109: للسقف | E109: R¯̽ = | F109: 0.55
B112: للسقف | C112: ḧ = | D112: =I102 -> 0.23208428 | Q112: عند تحديد الزمن الكلي لتأثير الموجة على السقف وعلى الجدار يطلب تعيين قيمة μ و η و Kt بناء على قيمة ḧ | R112: B-2
I113: للسقف | J113: ḧ = | K113: =I102 -> 0.23208428
B114: ḧ | C114: < 0.4 | D114: 0.4 ~ 1.0 | E114: 1.0 ~ 2
B115: Kt | C115: 1 | D115: 1~ 1.35 | E115: 1.35~ 1.8 | I115: نوع التربة | K115: قيمة (μ) عند قيمة (ḧ) | N115: η
B116: Kt = | C116: 1 | D116: للسقف | K116: < 0.4 | L116: 0.4 ~ 1.0 | M116: 1.0 ~ 1.5
I117: رمل رخو او رمل مع شوائب | K117: 0.025 | L117: 0.03 | M117: 0.04 | N117: 0.015
I118: تربة رملية او كلسية | K118: 0.01 | L118: 0.014 | M118: 0.018 | N118: 0.0085
I119: طين مع حجار | K119: 0.006 | L119: 0.008 | M119: 0.01 | N119: 0.001
I120: طين متوسط الكثافة | K120: 0.003 | L120: 0.005 | M120: 0.006 | N120: 0.008
H121: μ = | I121: 0.001 | J121: للسقف | L121: η = | M121: 0.006 | N121: للسقف
Q125: عندما يتم حساب زمن تصاعد قيمة الضغط في الموجة τн, فيجب معرفة سرعة انتشار الموجات الطولية المرنة (a0z) و (a1z) عند مستوى سطح السقف ومستوى منتصف الجدار وذلك استنادا الى حسابات عمق توضع السقف وعمق توضع الجدار (Z) | R125: B-3
Q126: وكذلك استنادا الى سرعة هذه الموجات عند سطح الارض(a0)
I128: قيمة a0 للسقف | K128: =F68 -> 600 | L128: m/s
I129: قيمة Z للسقف | K129: =Sheet1!O141 -> 9.5 | L129: m
I135: قيمة a0z للسقف | K135: 680 | L135: m/s
...

Sheet ورقة1
B1: دراسة المنشأة النفقية لمشروع الخزانات المائية3(الانفاق الاضافية)
A3: المعطيات الاساسية:
A4: 1- | B4: نوع ومواصفات القنبلة المستخدمة:
A5: نوع القنبلة | B5: عياره(فونت) | C5: الوزن,كغ | D5: الطول العام, م | E5: طول الهيكل, م | F5: قطر الهيكل,م | G5: نسبة طول الحشوة | H5: نسبة طول الراس | I5: وزن الحشوة,كغ
G6: الى الهيكل | H6: الحربي ال القطر
C7: P | D7: loб | E7: lk | F7: dk | G7: lᴈ/dk | H7: lгч/dk | I7: C
A8: MK83 | B8: 1000 | C8: =Sheet3!E23 -> 547 | D8: =Sheet3!F23 -> 2.46 | E8: =Sheet3!G23 -> 1.37 | F8: =Sheet3!H23 -> 0.48 | G8: =Sheet3!I23 -> 2.8 | H8: =Sheet3!K23 -> 1 | I8: =Sheet3!M23 -> 270
A10: نوع المادة المتفجرة | C10: تريتونال
A11: معامل المادة المتفجرة-K1 | C11: 1.639
B12: =Sheet3!C32 -> 600 | C12: ,V= | D12: السرعة الابتدائية للقنبلة | F12: م/ثا
B13: =Sheet3!F32 -> 30 | C13: α= | D13: زاوية سقوط القنبلة | F13: درجة
A15: 2- | B15: نوع ومواصفات التربة
B16: تسمية التربة | C16: معامل الاختراق | D16: معامل التصدع | E16: معامل التصدع | F16: معامل التدمير | G16: عامل تجريبي1 | H16: عامل تجريبي2 | I16: سرعة المواج
D17: المواجه | E17: العكسي | I17: الطولية المرنة
C18: Kпp | D18: Kв | E18: Kot | F18: Kp | G18: n1 | H18: A | I18: a0, م/ثا
C19: =Sheet3!G56 -> 1.5e-06 | D19: =Sheet3!I56 -> 0.25 | E19: =Sheet3!M56 -> 0.79 | F19: =Sheet3!K56 -> 0.56 | G19: =Sheet3!R52 -> 3 | H19: =Sheet3!Q52 -> 5 | I19: =Sheet3!F68 -> 600
C20: نسبة
C21: a0/a1 | D21: =Sheet3!I68 -> 2
A22: 3- | B22: مواصفات البيتون وحديد التسليح
B23: معامل مرونة | C23: مقاومة الشد حد | D23: مقاومة الضغط
B24: الحديد كغ/سم2 | C24: السيولة كغ/سم2 | D24: للبيتون كغ/سم2
B25: =Sheet3!Q79 -> 2100000 | C25: =Sheet3!O79 -> 4000 | D25: =Sheet3!F77 -> 200
A26: 4- | B26: ابعاد المنشأة
B27: عرض,م | C27: طول,م | D27: ارتفاع,م | E27: سماكة السقف | F27: سماكة الجدران | G27: سماكة الارضية | H27: نسبة التسليح
E28: الاولية | F28: الاولية | G28: الاولية | H28: الاولية
B29: =Sheet3!P89 -> 1 | C29: =Sheet3!N89 -> 3 | D29: =Sheet3!L89 -> 2.45 | E29: =Sheet3!J89 -> 0.15 | F29: =Sheet3!H89 -> 0.15 | G29: =Sheet3!F89 -> 0.15 | H29: =Sheet3!D89 -> 0.009
A31: الحسابات:
A32: 1 | B32: تحديد عمق الاختراق في التربة
B34: =Sheet1!E39 -> 2.1523624 | G34: hпр.t = λ1*λ2*kпр.г*p/(d)^2*V*COS(α), m
B35: =Sheet1!E41 -> 1.2921959 | E35: λ2 = 2.8*{(d)^0.33}-1.3*{(d)^0.5}
B36: =Sheet1!E40 -> 0.9 | C36: λ1= 0.5+0.4*(lгч/d)^0.666
B37: =Sheet1!E42 -> 2.5 | F37: n ={3.5 -lгч/d)
B38: =Sheet1!G44 -> 329.26339 | F38: Cэф1= Cэф/lᴈ
B39: =Sheet1!D44 -> 420.4035 | D39: Cэф= 0.95*k1*C
B40: =Sheet1!G46 -> 1.2768 | F40: lᴈ=dᴈ*(lᴈ/dᴈ)=0.95dk*(lᴈ/dᴈ)
B41: =Sheet1!N45 -> 0.41725398 | D41: ц=0.5 lk*COS((α+nα)/2) | F41: م
A43: 2 | B43: حساب الحمولات على السقف
B44: =Sheet1!Q92 -> 4.4181623 | G44: maxбв=A*(R־)^-n1
B45: =Sheet1!Q87 -> 0.23208428 | E45: h־ᴈ =hᴈ/(Cэф)^0.333
B46: =Sheet1!Q91 -> 4.1119098 | F46: R٭=R٭־(Cэф)^0.333
B47: =Sheet1!Q88 -> 1.7351084 | F47: hᴈ = hnp - ц
B48: =Sheet1!Q89 -> 1.0386148 | F48: R־=Rэkв/(Cэф)^0.333
B49: =Sheet1!Q90 -> 7.7648916 | F49: Rэkв= H-hз
A51: 3 | B51: تقييم طبيعة الموجة
B52: =Sheet1!Q98 -> Rэkв > ٭R , الشرط محقق
A54: 4 | B54: حساب الزمن الكلي لتأثير الموجة (τ)
F57: τ = Kt*0.0035*(Cэф)^0.333 | I57: 0.375 >= R־
F58: τ = μ(Cэф)^0.333 + η.Rэkв | I58: 0.375 < R־
B59: =Sheet1!Q108 -> 0.054065549 | C59: τ = | D59: ثانية
A61: 5 | B61: حساب الزمن الفعال لتأثير الموجة (τэф)
B63: = τ*(0.0008*((maxбв)^2)-0.0384*maxбв +1.0013)
B64: =Sheet1!R116 -> 0.045807507 | C64: τэф = | D64: ثانية
A65: 6 | B65: حساب الزمن التصاعدي لقيمة الضغط في الموجة τн
B67: τн ={(a0cp -a1cp)/(a0cp*a1cp)}*{Rэкв-R٭} | G67: ثانية
B68: =Sheet1!Q139 -> 0.00553216 | C68: τн =
B69: =Sheet1!O143 -> 640 | D69: a0cp = (a0 + a0z)/2 | G69: م/ثا
B70: =Sheet1!O144 -> 325 | D70: a1cp = (a1 + a1z)/2 | G70: م/ثا
A72: 7 | B72: حساب قيمة التواتر(الاهتزاز) ω
B73: =Sheet1!Q157 -> 98.7 | C73: C=9.87*(1+(η)^2) | H73: تمفصل
B74: =Sheet1!Q158 -> 209.13258 | C74: C=22.37*{1+0.6*(η)^2 +(η)^4}^0.5 | H74: وثاقة
B75: =Sheet1!Q171 -> 0.93325 | F75: μ=f(Hп/ap)
B76: =Sheet1!Q160 -> 3 | F76: η=bp/ap
B77: =Sheet1!Q161 -> 1.1797501e+09 | C77: B=0.85*Ea*Fa.s*(h0-x)(h0-0.5x)*10000
B78: =Sheet1!Q162 -> 9 | C78: Fa.s =100cm*h0cm*ψ
B79: =Sheet1!Q163 -> 10 | C79: h0= Hп-5cm | I79: سم
B80: =Sheet1!Q165 -> 3.82263e-05 | C80: me.д=(H*γг)/(9.81)
B81: =Sheet1!Q167 -> 1.89 | C81: x=(Rsd*Fas)/(Rbd) | I81: سم
B82: =Sheet1!Q168 -> 4956 | F82: Rsd=RsH*1.05*Kпοд | H82: كغ/سم2
B83: =Sheet1!Q169 -> 236 | C83: Rbd=RbH*Kпοд | H83: كغ/سم2
B84: =B75 -> 0.93325 | C84: μ= -1.255(Hп/ap)+1.1215
A87: 8 | B87: التأكد من تحقيق الشرط τэф>=0.2π/ω
B88: =B64 -> 0.045807507 | C88: τэф=
B89: =Sheet1!M176 -> 5.7919667e-06 | C89: 0.2π/ω=
B90: =Sheet1!O176 -> الشرط محقق
A91: 9 | B91: حساب الحمولة الاعظمية Pmax
B92: =Sheet1!Q181 -> 7.5992392 | D92: Pmax = 2*Kп*maxбв | H92: كغ/سم2
B93: =Sheet1!Q183 -> 1.4863092 | C93: λ= | D93: Kп = f{λ=mc/2a1*ρp.c*τн}
B96: =Sheet1!P185 -> 12333.75 | C96: mc = Pk*1.15*1000/Fпοk
B97: =Sheet1!P186 -> 3 | C97: Fпοk =
A99: 10 | B99: حساب الحمولة المكافئة Pэкв
B101: =Sheet1!Q190 -> 0 | C101: Pэкв= kд*kψ*Pmax
B102: =Sheet1!Q192 -> 599.83019 | C102: ω.τн = | E102: kд=f(ω.τн)
A104: 11 | B104: حساب الحمولة الحسابية Pp
B106: =Sheet1!Q197 -> 1.9 | C106: Pp = Pэкв+Pct | G106: كغ/سم2
B107: =Sheet1!Q199 -> 1.9 | D107: Pct =meд*9.81/10000 | G107: كغ/سم2
B109: من حسابات برنامج بلاكسيس العزوم المحسوبة كالاتي )حالة وثاقة بينن الجدار والسقف):
B110: العزم في السقف | D110: 17.6 | E110: Ms= | F110: طن . م | G110: سالب
B111: العزم في الجدران | D111: 17.6 | E111: Mw | F111: طن . م | G111: سالب
A113: 12 | B113: حساب سماكة المقطع
B114: =(D110/(0.94*H29*B82*10))^0.5 -> 0.2048828 | E114: h0 =(Ms/0.94*0.009*Rsd)^0.5 | F114: للسقف م
B115: =(D111/(0.94*H29*B82*10))^0.5 -> 0.2048828 | E115: h0 =(Mw/0.94*0.009*Rsd)^0.5 | F115: للجدار م
B117: سماكة السقف = h0*1.05= | E117: =1.05*B114 -> 0.21512694 | F117: سم
B118: سماكة الجدار = h0*1.05= | E118: =1.05*B115 -> 0.21512694 | F118: سم
B121: من حسابات برنامج بلاكسيس العزوم المحسوبة كالاتي )حالة مفصل بينن الجدار والسقف):
B122: العزم في السقف | D122: 24 | E122: Ms= | F122: طن . م | G122: سالب
B123: العزم في الجدران | D123: 10 | E123: Mw | F123: طن . م | G123: سالب
B125: حساب سماكة المقطع
B126: =(D122/(0.94*H29*B82*10))^0.5 -> 0.23925157 | E126: h0 =(Ms/0.94*0.009*Rsd)^0.5 | F126: للسقف م
B127: =(D123/(0.94*H29*B82*10))^0.5 -> 0.15443622 | E127: h0 =(Mw/0.94*0.009*Rsd)^0.5 | F127: للجدار م
B129: سماكة السقف = h0*1.05= | E129: =1.05*B126 -> 0.25121415 | F129: سم
...

Sheet ورقة2
