Workbook

Sheet Sheet1
A1: aэt | B1: =Sheet3!L89 -> 3 | C1: ارتفاع السقف, م | D1: kр.г | E1: =Sheet3!K56 -> 0.56 | F1: عامل التدمير للتربة حول الجدار | G1: Kp.pc | H1: =Sheet3!K55 -> 0.6 | I1: معامل تدمير طبقة توزيع الضغط | K1: Lk | L1: 50 | M1: طول المنشأة,م | O1: Bk | P1: 20 | Q1: عرض المنشأة,م
A2: bp | B2: =Sheet3!N89 -> 5 | C2: المجاز الطويل, م | D2: kр.бt | E2: =Sheet3!K54 -> 0.32 | F2: عامل التدمير لبيتون يلاطة الحماية | G2: A | H2: 3 | I2: عامل متعلق بتربة توزيع الضغط | K2: A | L2: 5 | M2: عامل متعلق بالتربة حول الجدار
A3: ap | B3: =Sheet3!P89 -> 4 | C3: المجاز القصير, م | D3: γοбс | E3: =Sheet3!Q94 -> 1500 | F3: الوزن الحجمي لطبقة التمويه, كغ/م3 | G3: n1 | H3: 3 | I3: عامل متعلق بتربة توزيع الضغط | K3: n1 | L3: 3 | M3: عامل متعلق بالتربة حول الجدار
A4: P | B4: =Sheet3!E23 -> 441 | C4: وزن القنبلة كغ | D4: γ p.c | E4: =Sheet3!N94 -> 1500 | F4: الوزن الحجمي لطبقة توزيع الضغط, كغ/م3 | G4: μп | H4: =Sheet3!I121 -> 0.025 | I4: عامل متعلق ب (־hᴈ) للسقف | K4: μc | L4: =Sheet3!I122 -> 0.009 | M4: عامل متعلق ب (־hᴈ) للجدار
A5: lk | B5: =Sheet3!G23 -> 1.92 | C5: طول جسم القنبلة, م | D5: C | E5: =Sheet3!M23 -> 215 | F5: وزن الحشوة في القنبلة, كغ | G5: ηп | H5: =Sheet3!M121 -> 0.015 | I5: عامل متعلق ب (־hᴈ) للسقف | K5: ηc | L5: =Sheet3!M122 -> 0.001 | M5: عامل متعلق ب (־hᴈ) للجدار
A6: lᴈ/dᴈ | B6: =Sheet3!I23 -> 5.3 | C6: وزن الحشوة الى قطرها | D6: hoбc | E6: =Sheet3!B89 -> 0.5 | F6: سماكة طبقة التمويه فوق البلاطة, م | G6: Kt.п | H6: =Sheet3!C116 -> 1 | I6: عامل متعلق ب (־hᴈ) للسقف | K6: Kt.п | L6: =Sheet3!C117 -> 1.1 | M6: عامل متعلق ب (־hᴈ) للجدار
A7: loб | B7: =Sheet3!F23 -> 3.01 | C7: طول القنبلة العام , م | D7: V | E7: =Sheet3!C32 -> 350 | F7: السرع الابتدائية لسقوط القنبلة, م/ث | G7: a0п | H7: =Sheet3!F69 -> 125 | I7: للسقف | K7: a0c | L7: =Sheet3!F68 -> 500 | M7: للجدار
A8: lгч/d | B8: =Sheet3!K23 -> 2 | C8: نسبة طول الرأس الحربي للقطر | D8: α | E8: =Sheet3!F32 -> 20 | F8: زاوية سقوط القنبلة, درجة | G8: a0п/a1п | H8: =Sheet3!I69 -> 3 | I8: a1п | J8: =H7/H8 -> 41.666667 | K8: a0c/a1c | L8: =Sheet3!I68 -> 2 | M8: a1c | N8: =L7/L8 -> 250
A9: Hct | B9: =Sheet3!H89 -> 0.5 | C9: السماكة المبدأية للجدار الخارجي, م | D9: n0 | E9: 1.25 | F9: عامل متعلق بنوع بلاطة الحماية(جدول1) | G9: a0пz | H9: =Sheet3!K135 -> 180 | I9: يوضع بعد حسابات 5.5 | K9: a0cz | L9: =Sheet3!K137 -> 580 | M9: يوضع بعد حسابات 8.5
A10: Hвct | B10: 0.3 | C10: السماكة المبدأية للجدار الداخلي, م | D10: kвt.бt | E10: =Sheet3!I54 -> 0.13 | F10: عامل تصدع بيتون البلاطة من جهة الانفجار | G10: a1пz | H10: =Sheet3!K163 -> 80 | I10: يوضع بعد حسابات 5.5 | K10: a1cz | L10: =Sheet3!K165 -> 290 | M10: يوضع بعد حسابات 8.5
A11: Hф | B11: =Sheet3!F89 -> 0.45 | C11: السماكة المبدأية للأرضية, م | D11: dk | E11: =Sheet3!H23 -> 0.36 | F11: نصف قطر جسم القنبلة, م | G11: Ea | H11: =Sheet3!Q79 -> 2100000 | I11: عامل مرونة الحديد,كغ/سم2 | K11: ξ | L11: =Sheet3!J68 -> 0.55 | M11: معامل الضغط الجانبي لتربة الجدار
A12: Hп | B12: =Sheet3!J89 -> 0.75 | C12: السماكة المبدأية للسقف, م | D12: K1 | E12: =Sheet3!M29 -> 1.639 | F12: عامل قوة المادة المتفجرة في القنبلة نسبة للتراتيل | G12: ψп | H12: =Sheet3!D89 -> 0.012 | I12: نسبة تسليح البيتون مساحيا | K12: ρ,kg.s2/m4 | L12: =Sheet3!D69 -> 150 | M12: كثافة طبقة توزيع الضغط
A13: kпр.г | B13: =Sheet3!G56 -> 1.8e-06 | C13: معامل الاختراق للتربة | D13: kot.бt | F13: عامل تصدع البيتون من الجهة المعاكسة للانفجار | G13: السقف مع الجدار | H13: 1 | I13: وثاقة(1), متمفصل(2) | K13: ρ,kg.s2/m4 | L13: =Sheet3!D68 -> 180 | M13: كثافة التربة حول الجدار
A14: kпр.б | B14: =Sheet3!G57 -> 8e-07 | C14: معامل اختراق بيتون السقف | D14: kot.г | F14: عامل تصدع التربة من الجهة المعاكسة للانفجار | G14: RsH | H14: =Sheet3!O79 -> 3000 | I14: مقاومة الحديد كغ/سم2 | K14: kпр.бt | L14: =Sheet3!G54 -> 8e-07 | M14: معامل اختراق بيتون بلاطة الحماية
A15: γб | B15: =Sheet3!R94 -> 2500 | C15: الوزن الحجمي للبيتون, كغ/م3 | D15: K kp.ct | E15: 1.1 | F15: عامل يتعلقق بطبيعة جدار المنشأة | G15: RbH | H15: =Sheet3!F77 -> 200 | I15: مقاومة البيتون كغ/سم2
A16: γг | B16: =Sheet3!P94 -> 1700 | C16: وزن حجمي لتربة الجدار, كغ/م3 | D16: m1 | E16: 1.65 | F16: عامل يتعلقق بطبيعة التربة المخترقة | G16: R٭־п | H16: =Sheet3!F109 -> 0.35 | I16: متعلق بتربة توزيع الضغط وتوضع قيمتها لاحقا بعد حساب ᴈ־hمن الفقرة5.1
A17: المعطيات الأساسية | G17: Kпοд.b | H17: =Sheet3!E194 -> 1.18 | I17: للسقف/بيتون | J17: Kпοд.b | K17: =Sheet3!E195 -> 1.18 | L17: للجدار/بيتون
G18: Kпοд.s | H18: =Sheet3!E192 -> 1.25 | I18: للسقف/حديد | J18: Kпοд.s | K18: =Sheet3!E193 -> 1.25 | L18: للجدار/حديد
G21: Pk | H21: =Sheet3!M84 -> 492.25 | I21: وزن المنشأة ,طن
G22: Kп,п | H22: =Sheet3!L208 -> 0.8 | I22: يوضع بعد حسابات 5.7
G23: Kд,п | H23: =Sheet3!K229 -> 0.92 | I23: معاما الديناميك يوضع بعد حسابات 5.9
G24: R٭־п | H24: =Sheet3!F110 -> 0.9 | I24: متعلق بتربة الجداروتوضع قيمتها لاحقا بعد حساب ᴈ־hمن الفقرة6.2
G25: Kп,c | H25: =Sheet3!L209 -> 1 | I25: يوضع بعد حسابات 8.7
G26: Kд,c | H26: =Sheet3!K230 -> 1 | I26: معاما الديناميك يوضع بعد حسابات.8.9
K34: يجب املاء جدول المعطيات الرئيسية | P34: 1
K36: تحديد سماكة بلاطة الحماية | P36: 2
C38: ; ht = n0(rвt - ц) | K38: ht = hnp.t+n0(Zвt -ц) | Q38: =IF(B6>3,E39+E9*(N43-N45),E39+E9*(N41-N45)) -> 1.0721671 | R38: m
D39: م | E39: =E40*E41*B14*(B4/(E11)^2)*E7*COS((0.5*E8+0.5*E8*E42)*(3.14/180)) -> 1.1881634 | F39: hпр.t = λ1*λ2*kпр.t*p/(d)^2*V*COS((α+nα)/2), m | I39: حيث n0 عامل احتياط يؤخذ من الجدول رقم (1),rвt: نصف قطر الحفرة المتكونة
E40: =0.5+0.4*((B8)^0.666) -> 1.1346671 | F40: λ1= 0.5+0.4*(lгч/d)^0.666
E41: =2.8*((E11)^0.333)-1.3*((E11)^0.5) -> 1.2125387 | F41: λ2 = 2.8*{(d)^0.33}-1.3*{(d)^0.5} | H41: للحشوة المجمعة | J41: rвt= m kвt.бt( (Cэф)^0.3333) | N41: =E49*E10*(D44)^0.3333 -> 0.99273245 | O41: m
E42: =(3.5-(B8)) -> 1.5 | F42: n ={3.5 -lгч/d)
C43: اذا كان lᴈ/dᴈ اكبر من 3 فالحشوة متطاولة وإلا فالحشوة مجمعة | H43: للحشوة المتطاولة | J43: rвt=0.4 m kвt.бt (Cэф1)^0.5 | N43: =0.4*E49*E10*(G44)^0.5 -> 0.77734812 | O43: m
B44: Cэф= 0.95*k1*C | D44: =0.95*E12*E5 -> 334.76575 | F44: Cэф1= Cэф/lᴈ | G44: =D44/G46 -> 184.68816
A45: k1: عامل يتعلق بنوع المواد المتفجرة وهو لل ت ن ت يساوي 1.639 اي اقوى من التراتيل بهذا المقدار | L45: ц=0.5 lk*COS((α+nα)/2) | N45: =0.5*B5*COS((0.5*E8+0.5*E8*E42)*3.14/180) -> 0.8701452 | O45: m
F46: lᴈ=dᴈ*(lᴈ/dᴈ)=0.95dk*(lᴈ/dᴈ) | G46: =0.95*E11*B6 -> 1.8126 | H46: m
C48: m : هو عامل الدكة وهو يساوي 1.1 عندما تكون سماكة طبقة التمويه اكبر من 0.5 متر ويكون مساويا 1 عندما تكون اصغر او تساوي 0.5متر
E49: =IF(E6<0.5,1,1.1) -> 1.1
P53: تحديد بروز بلاطة الحماية Bt | Q53: 3
K55: انظر المخطط(1) | N55: Bt =R0 +Zt, m | Q55: =F57+F62 -> 8.0520158 | R55: m
D56: بعد الجدار الآمن عن القنبلة | F56: R0 = K kp.ct*Zp.гp, m | G56: : عامل يتعلق بطبيعة جدار المنشأة من الصفحة 162 الجدول 25 Kkp.ct
F57: =E15*F59 -> 7.0437416
D58: نصف قطر التدمير في التربة | F58: Zp.гp= m1*Kp.гp*(Cэф)^0.3333, m | I58: ان m1 هو عامل بطبيعة الاختراق في التربة فللتربة الهشة يساوي 1.65 وللمتماسكة 1.5
F59: =E16*E1*(D44)^0.333 -> 6.4034015 | J59: Kp.гp: معامل التدمير للتربة ص 32
D61: مقدار انحراف القنبلة عن حرف البلاطة | F61: Zt = hпр.г*tn(α), m
F62: =F64*TAN(E8*3.14/180) -> 1.0082742
D63: عمق الاختراق في التربة | F63: hпр.г = λ1*λ2*kпр.г*p/(d)^2*V*COSα, m | J63: ان λ1 وλ2 عوامل تتعلق بالقنبلة
F64: =F67*F69*B13*(B4/(E11)^2)*E7*COS(E8*3.14/180) -> 2.7717367 | H64: ان p وزن القنبلة و d قطرها اما V و α يؤخذان من الجدول ادناه
H65: للقنابل الغير الموجهة V تساوي 250-300 م/ثا اما α فتساوي 20-30 درجة
F66: λ1= 0.5+0.4*(lгч/d)^0.666 | J66: اما للقنابل الموجهة فحسب الجدول
F67: =0.5+0.4*((B8)^0.666) -> 1.1346671 | J67: م/ثا ,V | K67: 300-400 | L67: 400-600 | M67: 790-940
F68: λ2 = 2.8*{(d)^0.33}-1.3*{(d)^0.5} | J68: درجة,α | K68: 25-40 | L68: 30-45 | M68: 40-60
F69: =2.8*((E11)^0.333)-1.3*((E11)^0.5) -> 1.2125387 | M69: للصواريخ
M72: تحديد سماكة طبقة توزيع الضغط Hpc | Q72: 4
D74: البلاطة | L74: تساوي نصف قطر الامان من التدمير مطروحا منه سماكة البلاطة مضروبة بعامل التدمير لطبقة توزيع الضغط مقسوم على عامل التدمير للبلاطة البيتونية مطروحا بعد مركز القنبلة عن سطح البلاطة | M74: Hpc =R0 -(ht-hnp.t)*(Kp.pc/Kp.бt)-ц
Q75: =O77-(Q38-E39)*(H1/E2)-N45 -> 3.8320486 | R75: m
M76: R0=1.25*Zp.pc
O77: =IF(B6>3,1.25*Q79,1.25*Q78) -> 4.4847007 | P77: m
K78: للحشوة المجمعة | M78: Zp.pc=m*Kp.pc*(Cэф)^0.333 | Q78: =E49*H1*(D44)^0.333 -> 4.5738582
K79: للحشوة المتطاولة | M79: Zp.pc=0.44*m*Kp.pc*(Cэф1)^0.5 | Q79: =0.4*E49*H1*(G44)^0.5 -> 3.5877605
M83: حساب الحمولات على السقف | Q83: 5
J84: وتحديد نوع الموجة | M84: حساب التوتر الاعظمي في موجة الضغط maxбв | Q84: 5.1
H85: if h־ᴈ >= 0.7 | K85: maxбв=A*(R־)^-n1 | Q85: =H2*Q89^(-H3) -> 4.3640289
H86: if h־ᴈ < 0.7 | K86: maxбв=0.6*m*A*(R־)^-n1 | Q86: =Q85*0.6*E49 -> 2.8802591
M87: h־ᴈ =hᴈ/(Cэф)^0.333 | Q87: =Q88/(D44^0.333) -> 0.11803864
F88: Rэkв < ٭R,الشرط غير محقق | L88: hᴈ = hoбc+hnp.t - ц | Q88: =E6-N45+E39 -> 0.81801821
F89: Rэkв > ٭R , الشرط محقق | M89: R־=Rэkв/(Cэф)^0.333 | Q89: =Q90/D44^0.333 -> 0.88256062
M90: Rэkв= ц + (ht+ц-hnp.t)*(kp.pc/kр.бt)+Hp.c | Q90: =N45+(Q38+N45-E39)*(H1/E2)+Q75 -> 6.1162229
M91: R٭=R٭־ п.(Cэф)^0.333 | Q91: =H16*D44^0.333 -> 2.4255309
P92: maxбв= | Q92: =IF(Q87<0.7,Q86,Q85) -> 2.8802591 | R92: kg/cm2
F93: التوتر الاعظمي(maxбв) كغ/سم2(انظر المخطط1) المؤثر على السقف متعلق بالعاملين (A) و(n1) من الصفحة 78 اما القيمة (٭־ R) فتأحذ من الصفحة 78 ايضا, وفي المحصلة يجب ان تكون Rэkв > ٭R وهذا يعني تصاعد في الضغط
F94: مع مرور الزمن حسب الشكل 1 في الاسفل وإلا عند Rэkв < ٭R سيكون الضغط على شكل موجة ضاربة لحظي وغير متعلق بالزمن وهذا غير مرغوب فيه وبالاساس توضع طبقة توزيع الضغط وكذلك بلاطة الحماية لتفادي الوقوع في هذه الحالة
O96: تقييم طبيعة الموجة | Q96: 5.2
Q98: =IF(Q90>Q91,F89,F88) -> Rэkв > ٭R , الشرط محقق
G102: 2 | M102: 1
N104: حساب الزمن الكلي لتأثير الموجة (τ) | Q104: 5.3
M106: 0.375 < R־ | N106: τ = μ(Cэф)^0.333 + η.Rэkв | Q106: =H4*((D44)^0.333)+Q90*H5 -> 0.26499555
M107: 0.375 >= R־ | N107: τ = Kt*0.0035*(Cэф)^0.333 | Q107: =0.0035*H6*D44^0.333 -> 0.024255309
P108: τ = | Q108: =IF(Q89>0.375,Q106,Q107) -> 0.26499555
N111: حساب الزمن الفعال لتأثير الموجة (τэф) | Q111: 5.4
H113: maxбв | I113: 0 | J113: 5 | K113: 10 | L113: 15 | M113: 20 | N113: 25
H114: τэф/τ | I114: 1 | J114: 0.83 | K114: 0.695 | L114: 0.595 | M114: 0.538 | N114: 0.52
L116: τэф = τ*(0.0008*((maxбв)^2)-0.0384*maxбв +1.0013) | R116: =Q108*(0.0008*((Q92)^2)-0.0384*Q92+1.0013) -> 0.23778972
L137: حساب الزمن التصاعدي لقيمة الضغط في الموجة τн | Q137: 5.5
L139: τн ={(a0cp -a1cp)/(a0cp*a1cp)}*{Rэкв-R٭} | Q139: =((O143-O144)/(O143*O144))*(Q90-Q91) -> 0.036467651 | R139: s
J141: عمق توضع السقف | L141: Zп = hoбc +ht +Hp.c | O141: =Q38+Q75+E6 -> 5.4042157 | P141: m
M143: a0cp = (a0 + a0z)/2 | O143: =(H7+H9)/2 -> 152.5 | P143: m/s
M144: a1cp = (a1 + a1z)/2 | O144: =(H10+J8)/2 -> 60.833333 | P144: m/s
I146: بناء على قيمة (a0) وقيمة (Zп) من الرسم ص76 نجد قيمة (a0z) ونفس الكلام بالنسبة ل(a1z)
L152: حساب قيمة التواتر(الاهتزاز) ω | Q152: 5.6
L155: ω={(1/ap)^2}*C*μ*{(B/me.д)^0.5} | Q155: =(1/((B3)^2))*Q156*Q171*((Q161/Q165)^0.5) -> 561.66737 | R155: ثا^-1
P156: C = | Q156: =IF(H13=1,Q158,Q157) -> 46.811096
K157: تمفصل | L157: C=9.87*(1+(η)^2) | Q157: =9.87*(1+(Q160)^2) -> 25.291875
K158: وثاقة | L158: C=22.37*{1+0.6*(η)^2 +(η)^4}^0.5 | Q158: =22.37*(1+0.6*((Q160)^2)+((Q160)^4))^0.5 -> 46.811096
N159: μ=f(Hп/ap)
J160: ص85 | M160: η=bp/ap | Q160: =B2/B3 -> 1.25
L161: B=0.85*Ea*Fa.s*(h0-x)(h0-0.5x)*10000 | Q161: =0.85*Q162*H11*(Q163-Q167)*(Q163-0.5*Q167)*10000 -> 52878598 | R161: كغ.م2
L162: Fa.s =100cm*h0cm*ψ | Q162: =Q163*H12 -> 0.0084 | R162: m2
M163: h0= Hп-5cm | Q163: =(B12-5/100) -> 0.7 | R163: m
K165: me.д=(hoбc*γoбc+ht*γb+Hp.c*γp.c+Hп*γb)/(9.81) | Q165: =(E6*E3+Q38*B15+B15*B12+Q75*E4)/(9.81) -> 1126.7575 | R165: كغ ثا2/م3
K167: x=(Rsd*Fas)/(Rbd) | Q167: =Q168*Q162/(Q169) -> 0.14014831 | R167: m
...

Sheet Sheet2
A1: 0 | B1: 1 | C1: 2 | D1: 4 | E1: 6 | F1: 8 | G1: 10 | H1: 12
A2: 0 | B2: 0.8 | C2: 1.05 | D2: 1 | E2: 0.95 | F2: 0.92 | G2: 0.93 | H2: 1 | J2: 0 | K2: 0.5 | L2: 1 | M2: 2 | N2: 3 | O2: 4 | P2: 5 | Q2: 6 | R2: 7 | S2: 8 | T2: 9 | U2: 10
J3: 0.5 | K3: 0.7 | L3: 0.81 | M3: 0.9 | N3: 0.92 | O3: 0.94 | P3: 0.95 | Q3: 0.955 | R3: 0.96 | S3: 0.965 | T3: 0.97 | U3: 0.975
E24: شكل 1 | Q24: شكل 2
A27: 0 | B27: 10 | C27: 20 | D27: 30 | E27: 40 | F27: 50 | I27: 0 | J27: 10 | K27: 20 | L27: 30 | M27: 40 | N27: 50
A28: 400 | B28: 480 | C28: 510 | D28: 540 | E28: 560 | F28: 565 | I28: 200 | J28: 250 | K28: 270 | L28: 290 | M28: 300 | N28: 305
A29: 600 | B29: 680 | C29: 710 | D29: 740 | E29: 760 | F29: 765 | I29: 300 | J29: 350 | K29: 370 | L29: 400 | M29: 420 | N29: 430
A30: 800 | B30: 880 | C30: 915 | D30: 950 | E30: 960 | F30: 955 | I30: 400 | J30: 450 | K30: 480 | L30: 510 | M30: 530 | N30: 540
A31: 1000 | B31: 1100 | C31: 1200 | D31: 1245 | E31: 1285 | F31: 1300 | I31: 500 | J31: 575 | K31: 640 | L31: 680 | M31: 720 | N31: 750
A32: 1200 | B32: 1300 | C32: 1400 | D32: 1470 | E32: 1500 | F32: 1515 | I32: 600 | J32: 700 | K32: 750 | L32: 800 | M32: 840 | N32: 855
A33: 1400 | B33: 1500 | C33: 1600 | D33: 1680 | E33: 1700 | F33: 1695 | I33: 700 | J33: 780 | K33: 840 | L33: 875 | M33: 905 | N33: 935
A34: 1600 | B34: 1700 | C34: 1790 | D34: 1850 | E34: 1900 | F34: 1900 | I34: 800 | J34: 880 | K34: 940 | L34: 975 | M34: 1010 | N34: 1045
A35: 1800 | B35: 1910 | C35: 2000 | D35: 2070 | E35: 2105 | F35: 2120 | I35: 900 | J35: 980 | K35: 1050 | L35: 1100 | M35: 1140 | N35: 1160
A36: 2000 | B36: 2100 | C36: 2180 | D36: 2240 | E36: 2285 | F36: 2300 | I36: 1000 | J36: 1080 | K36: 1140 | L36: 1200 | M36: 1240 | N36: 1260
I37: 100 | J37: 140 | K37: 170 | L37: 185 | M37: 200 | N37: 210
K55: شكل 3
N57: جدول رقم 2
B58: n0 | C58: جدول رقم1 | J58: للقنابل الغير الموجهة V تساوي 250-300 م/ثا اما α فتساوي 20-30 درجة
B59: 1.25 | C59: لبلاطة الحماية المصنوعة من البيتون المسلح | L59: اما للقنابل الموجهة فحسب الجدول
B60: 1.5 | C60: بلاطة حمايةمن البيتون العادي/او طبقة ترابية | L60: م/ثا ,V | M60: 300-400 | N60: 400-600 | O60: 790-940
B61: n0= | L61: درجة,α | M61: 25-40 | N61: 30-45 | O61: 40-60
O62: للصواريخ
J63: V= | M63: α=
C64: جدول رقم3
A65: نوع المادة المتفجرة | C65: تريتونال 80-20 | D65: خليط v | E65: تورليكس H6 | F65: تريتونال 90/40 | G65: ايدنالود
A66: K1 | C66: 1.53 | D66: 1.34 | E66: 1.26 | F66: 1.23 | G66: 1.05
A67: K1=
H100: جدول يبين قيمة عامل الدكة حسب عمق التوضع وحسب النسبة(h/zp)
C102: بغض النظر عن قيمة (h/zp) | I102: (h/zp) عند
I103: 0.25 | K103: 0.5 | M103: 0.75 | O103: 1 | Q103: 1
B105: قيمة m | C105: 1 | E105: 1.1 | G105: 1.3 | I105: 1.35 | K105: 1.4 | M105: 1.45 | O105: 1.5 | Q105: 1.65
C110: بدون دكة
E111: بدون دكة
G112: بدون دكة
I113: بدون دكة
K114: بدون دكة
M116: بدون دكة
O119: بدون دكة | Q119: مع دكة

Sheet Sheet3
O1: عزيزي المهندس الشاطر: يتم استخدام هذا البرنامج من خلال هذه الصفحة وستكون الإدخالات والمخرجات في هذه الصفحة ولاداعي لفتح الصفحة الاولى والثانية لأن اي كتابة او تعديل سيؤدي الى تخريب البرنامج
N2: ارجو منك الالتزام بطريقة العمل حسب ماسأكتبه ادناه. القيم الموضوعة هي لحالة دراسية معينة اما انت فاختر ماتريده وستتغير الارقام والحسابات بناء على دراستك انت.
Q4: ادخل المعطيات الاساسية بعد النظر الى الجداول والرسوم وضع قيم هذه المعطيات في المربعات المخصصة باللون الاحمر | R4: A
H6: جدول 1 | Q6: القنبلة المستخدمة: ان هذه الدراسة تخص القنابل الخارقة التي تخرق مسافة معينة في بلاطة الحماية وتنفجر بعد زمن | R6: A-1
C7: نوع القنبلة | D7: عياره(فونت) | E7: الوزن,كغ | F7: الطول العام, م | G7: طول الهيكل, م | H7: قطر الهيكل,م | I7: نسبة طول الحشوة الى قطر الهيكل | K7: نسبة طول الرأس الحربي الى القطر | M7: وزن المواد المتفجرة, كغ | O7: نوع المادة المتفجرة
B8: الترميز | C8: _ | D8: _ | E8: P | F8: loб | G8: lk | H8: dk | I8: lᴈ/dk | K8: lгч/dk | M8: C | O8: _
B9: 1 | C9: AN-M30A1 | D9: 100 | E9: 61 | F9: 1.38 | G9: 0.76 | H9: 0.21 | I9: 3.6 | K9: 1 | M9: 23 | O9: تريتونال
B10: =1+B9 -> 2 | C10: AN-M57A1 | D10: 250 | E10: 131 | F10: 1.58 | G10: 0.95 | H10: 0.28 | I10: 3.4 | K10: 1 | M10: 62 | O10: تريتونال
B11: =1+B10 -> 3 | C11: AN-M64A1 | D11: 500 | E11: 264 | F11: 1.83 | G11: 1.21 | H11: 0.36 | I11: 3.3 | K11: 1 | M11: 128 | O11: تريتونال
B12: =1+B11 -> 4 | C12: M117(M) | D12: 750 | E12: 373 | F12: 2.27 | G12: 1.42 | H12: 0.41 | I12: 3.5 | K12: 1 | M12: 177 | O12: تريتونال
B13: =1+B12 -> 5 | C13: AN-M65A1 | D13: 1000 | E13: 547 | F13: 2.46 | G13: 1.37 | H13: 0.48 | I13: 2.8 | K13: 1 | M13: 270 | O13: تريتونال
B14: =1+B13 -> 6 | C14: AN-M66A1 | D14: 2000 | E14: 1033 | F14: 2.97 | G14: 1.82 | H14: 0.59 | I14: 3.1 | K14: 1 | M14: 526 | O14: تريتونال
B15: =1+B14 -> 7 | C15: _ | D15: 3000 | E15: 1383 | F15: 4.7 | G15: 3.07 | H15: 0.61 | I15: 5 | K15: 1 | M15: 816 | O15: تريتونال
B16: =1+B15 -> 8 | C16: MK81 | D16: 250 | E16: 118 | F16: 1.88 | G16: 1.18 | H16: 0.23 | I16: 5.2 | K16: 2.5 | M16: 45 | O16: تريتونال
B17: =1+B16 -> 9 | C17: MK82 | D17: 500 | E17: 241 | F17: 2.21 | G17: 1.55 | H17: 0.27 | I17: 5.7 | K17: 2.5 | M17: 87 | O17: تريتونال
B18: =1+B17 -> 10 | C18: MK83 | D18: 1000 | E18: 441 | F18: 3.01 | G18: 1.92 | H18: 0.36 | I18: 5.3 | K18: 2 | M18: 215 | O18: تريتونال
B19: =1+B18 -> 11 | C19: MK84 | D19: 2000 | E19: 894 | F19: 3.83 | G19: 2.41 | H19: 0.46 | I19: 5.2 | K19: 2 | M19: 430 | O19: تريتونال
B20: =1+B19 -> 12 | C20: MK81 سنيكاي | D20: 250 | E20: 134 | F20: 1.91 | G20: 1.19 | H20: 0.23 | I20: 5.2 | K20: 2.5 | M20: 45 | O20: تريتونال
B21: =1+B20 -> 13 | C21: MK82 سنيكاي | D21: 500 | E21: 260 | F21: 2.26 | G21: 1.55 | H21: 0.27 | I21: 5.7 | K21: 2.5 | M21: 87 | O21: تريتونال
B22: =1+B21 -> 14 | C22: M117R | D22: 750 | E22: 380 | F22: 2.21 | G22: 1.12 | H22: 0.11 | I22: 3.5 | K22: 1 | M22: 177 | O22: تريتونال
E23: 441 | F23: 3.01 | G23: 1.92 | H23: 0.36 | I23: 5.3 | K23: 2 | M23: 215
R24: ملاحظة: اذا كانت القنيلة المطلوبة غير موجودة في الجدول يجب معرفة مواصفاتها ووضعها في المربعات الحمر
F26: جدول رقم 2 | N26: جدول رقم3
B27: للقنابل الغير الموجهة V تساوي 250-300 م/ثا اما α فتساوي 20-30 درجة | L27: نوع المادة المتفجرة | N27: تريتونال 80-20 | O27: خليط v | P27: تورليكس H6 | Q27: تريتونال 90/40 | R27: ايدنالود
D28: اما للقنابل الموجهة فحسب الجدول | L28: معامل المادة المتفجرة-K1 | N28: 1.639 | O28: 1.34 | P28: 1.26 | Q28: 1.23 | R28: 1.05
D29: م/ثا ,V | E29: 300-400 | F29: 400-600 | G29: 790-940 | L29: K1= | M29: 1.639
D30: درجة,α | E30: 25-40 | F30: 30-45 | G30: 40-60 | R30: جدول 3 يبين قوة المادة المتفجرة في القنبلة منسوبا الى التراتيل
G31: للصواريخ
B32: V= | C32: 350 | E32: α= | F32: 20
J34: جدول 2 يبين السرعة الابتدائية لسقوط القنبلة وزاوية الميل عن الشاقول عند الاصطدام بالارض
Q35: مواصفات والمعاملات الخاصة بالتربة والبيتون و حديد التسليح | R35: A-2
N37: n0 | O37: جدول رقم4
G38: جدول رقم 5 | N38: 1.25 | O38: لبلاطة الحماية المصنوعة من البيتون المسلح
C39: نوع المادة | G39: معامل الاختراق | I39: معامل التصدع من جهة الانفجار | K39: معامل التدمير | L39: معامل التصدع من الجهة المعاكسة | N39: 1.5 | O39: بلاطة حمايةمن البيتون العادي/او طبقة ترابية قاسية
E40: الترميز | G40: Kпp | I40: Kв | K40: Kp | M40: Kot | N40: n0= | O40: 1.25
C41: طين رخو مشبع بالماء | G41: 1.3e-05 | I41: 0.6 | K41: 0.85 | M41: _ | R41: جدول 4 يبين قيمة معامل الاحتياط عند حساب سماكة بلاطة الحماية
C42: طين متوسط الكثافة | G42: 7e-06 | I42: 0.5 | K42: 0.6 | M42: _
C43: طبقة طينية طبيعية مع وجود احجار في تشكيلها | G43: 6e-06 | I43: 0.5 | K43: 0.6 | M43: _
C44: طبقة رمل مخلط بالشوائب | G44: 5e-06 | I44: 0.5 | K44: 0.6 | M44: _
C45: طبقة رمل نقي طبيعي/او طبقة كلسية مفتتة | G45: 4.5e-06 | I45: 0.5 | K45: 0.63 | M45: _
C46: طبقة من البلوك او الاحجارة المرصوفة | G46: 3e-06 | I46: 0.25 | K46: 0.58 | M46: 0.88 | P46: جدول رقم 6
C47: طبقة بلوك او احجارة مرصوفة مع استخدام الاسمنت | G47: 2.5e-06 | I47: 0.25 | K47: 0.61 | M47: 0.81 | N47: نوع التربة | Q47: A | R47: n1
C48: غرانيت او غنيس | G48: 7e-07 | I48: 0.2 | K48: 0.53 | M48: 0.75 | N48: رمل رخو او رمل مع شوائب | Q48: 2~3 | R48: 3
C49: صخر كلسي | G49: 1.5e-06 | I49: 0.25 | K49: 0.56 | M49: 0.79 | N49: طين مع حجار | Q49: 5 | R49: 3
C50: بيتون عادي مقاومة 170 kg/cm2 | G50: 1.2e-06 | I50: 0.16 | K50: 0.36 | M50: 0.51 | N50: طين متوسط الكثافة | Q50: 18 | R50: 2.8
C51: بيتون عادي مقاومة 225 kg/cm2 | G51: 1e-06 | I51: 0.16 | K51: 0.34 | M51: 0.48 | N51: تربة رملية او كلسية | Q51: 4 | R51: 3
C52: بيتون مسلح مقاومة 200 كغ/سم2 | G52: 8e-07 | I52: 0.13 | K52: 0.32 | M52: 0.46 | N52: مادة التربة حول جدران المنشأة | Q52: 5 | R52: 3
C53: بيتون مسلح مقاومة250-300 كغ/سم2 | G53: 7e-07 | I53: 0.13 | K53: 0.3 | M53: 0.44 | N53: مادة طبقة توزيع الضغط | Q53: 3 | R53: 3
C54: مادة بلاطة الحماية | G54: 8e-07 | I54: 0.13 | K54: 0.32 | M54: 0.46 | N54: جدول 6 يحدد قيمة عوامل تجريبية مطلوبة لتحديد قيمة الضغط الاعظمي
C55: مادة طبقة توزيع الضغط | G55: 5e-06 | I55: 0.5 | K55: 0.6 | M55: _ | R55: الناتج عن انفجار القنبلة على السقف وعلى الجدار.
C56: مادة التربة الاساسية حول المنشأة | G56: 1.8e-06 | I56: 0.5 | K56: 0.56 | M56: _
C57: بيتون سقف وجدران المنشأة | G57: 8e-07 | I57: 0.13 | K57: 0.32 | M57: 0.46
M58: جدول 5 يبين معاملات خاصة بطبيعة سلوك الوسط الذي تخترقه القنبلة او تنفجر فيه
F61: جدول 7 | R61: ملاحظة مهمة: قد تكون التربة عندك غير معروضة هنا, لذلك ياصديقي يجب ان تشغل مخك
B62: نوع التربة | D62: الكثافة, كغ*ثا^2/م4 | F62: سرعة انتشار الامواج الطولية المرنة,م/ثا | I62: النسبة | J62: معامل الضغط الجانبي | R62: ويمكنك ان تختار قيمة معاملات هذه التربة حسب تقديرك. مثلا: اذا حفرت المنشأة في تربة صخرية
B63: الترميز | D63: ρ | F63: a0 | I63: a0/a1 | J63: ξ | R63: فهل هذه التربة قاسية مثل البيتون العادي اذا كان كذلك استخدم معاملات البيتون العادي واذا كانت اقل
B64: رمل رخو او رمل مع شوائب | D64: 150 - 155 | F64: 100 -150 | I64: 2.5 - 3 | J64: 0.4 - 0.5 | R64: قساوة بقليل فخفض او زد قيمة هذه المعاملات بعد المقارنة العقلية مع انواع التربة المدرجة في الجداول
B65: تربة رملية او كلسية | D65: 160 - 165 | F65: 200 - 500 | I65: 2.5 | J65: 0.35 - 0.4 | R65: اي هل تخفض ام تزيد وكم تخفض او تزيد
B66: طين مع حجار | D66: 180 - 185 | F66: 400 - 600 | I66: 2 | J66: 0.5 - 0.6
B67: طين متوسط الكثافة | D67: 195 -200 | F67: 500 - 800 | I67: 1.5 | J67: 0.5 - 0.7
B68: التربة حول جدران المنشأة | D68: 180 | F68: 500 | I68: 2 | J68: 0.55
B69: تربة طبقة توزيع الضغط | D69: 150 | F69: 125 | I69: 3 | J69: _
E73: جدول 8 | N73: جدول9
C74: مقاومة البيتون(سقف + جدار) على الضغط حسب ماركة البيتون (Rb,н), كغ/سم2 | L74: مواصفات حديد التسليح المستخدم
B75: الماركة | C75: M200 | D75: M300 | E75: M350 | F75: M400 | G75: M500 | H75: M600 | I75: M700 | J75: M800 | L75: ماركة الحديد | N75: مقاومة الشد عند حد السيولة,كغ/سم2 | P75: معامل المرونة, كغ/سم2
B76: Rb,н | C76: 115 | D76: 170 | E76: 200 | F76: 225 | G76: 280 | H76: 340 | I76: 390 | J76: 450 | L76: A-1 | N76: 2100 | P76: 2100000
E77: Rb,н = | F77: 200 | L77: A-11 | N77: 3000 | P77: 2100000
L78: A-111 | N78: 4000 | P78: 2100000
N79: Raн = | O79: 3000 | P79: Ea = | Q79: 2100000
N83: مواصفات عامة للمنشأة | R83: A-3
I84: يتم حسابه تلقائيا لذلك لاداعي للادخال هنا | J84: وزن المنشأة , طن | L84: Pk = | M84: =2.5*((2*(R89+Q89)*H89)+J89*Q89*R89+F89*Q89*R89)*1.1 -> 492.25
O86: جدول10
B87: سماكة طبقة التمويه | C87: نسبة تسليح البيتون المبدأية | E87: سماكة الارضية المبدأية | G87: سماكة الجدار المبدأية | I87: سماكة السقف المبدأية | K87: الارتفاع الداخلي الصافي | M87: طول المجاز الكبير | O87: طول المجاز الصغير | Q87: العرض الكلي,م | R87: الطول الكلي,م
B88: hοбc,m | C88: μ | E88: Hф, m | G88: Hc, m | I88: Hп, m | K88: aэ, m | M88: bp,m | O88: ap, m | Q88: Bk, m | R88: Lk, m
B89: 0.5 | D89: 0.012 | F89: 0.45 | H89: 0.5 | J89: 0.75 | L89: 3 | N89: 5 | P89: 4 | Q89: 10 | R89: 13
R90: ملاحظة: ان سماكة السقف والجدار والارضية توضع هنا لاجراء بعض الحسابات الاولية والبرنامج سيحسب هذه السماكات ولدقة العمل يجب وضع السماكات المحسوبة مرة اخرى هنا لاعادة الحسابات وسيكون هناك فرق ولكن بسيط جدا
R91: واذا كان الفرق ملموس توضع النتائج مرة اخرى او اكثر حتى يصبح الفرق غير ملموس ونتائج الحسابات لسماكة السقف والجدار والارضية موضوع في الجدول ادناه
G92: نتائج الحسابات | N92: الوزن الحجمي, كغ/م3
E93: Hф,m | G93: Hc,m | I93: Hп, m | N93: طبقة توزيع الضغط | P93: التربة الاساسية | Q93: طبقة التمويه | R93: البيتون
E94: =F250/100 -> 0.42349023 | G94: =F249/100 -> 0.4982238 | I94: =F248/100 -> 0.70459485 | N94: 1500 | P94: 1700 | Q94: 1500 | R94: 2500
Q97: في هذا الجزء سيقوم البرنامج باجراء الحسابات بعد ادخال المعطيات اعلاه ولكن بعض المعطيات لايمكن ادخالها الا بعد اجراء حسابات معينة, وفي هذا الجزء سنظهر بعض نتائج الحسابات الضرورية لمعرفة بعض المعطيات وادخالها | R97: B
Q99: عند تحديد نوع الموجة المؤثرة على السقف وعلى الجدار يطلب معرفة قيمة( R¯̽) بناء على قيمة ḧ لذلك يا أخي انظر الى قيمة ḧ بالمربع باللون الاخضر وضع قيمة( R¯̽) الموافقة في المربع الاحمر | R99: B-1
E101: قيمة ( R¯̽)
C102: 1 | E102: 0.4< ḧ<=0.8 | F102: ḧ<=0.4 | H102: ḧ = | I102: =Sheet1!Q87 -> 0.11803864 | J102: للسقف
C103: رمل رخو او رمل مع شوائب | E103: 0.35 - 0.7 | F103: 0.35
C104: تربة رملية او كلسية | E104: 0.5 - 0.9 | F104: 0.5 | H104: ḧ = | I104: =Sheet1!Q227 -> 0.49663737 | J104: للجدار
C105: طين مع حجار | E105: 0.55 - 0.9 | F105: 0.55
C106: طين متوسط الكثافة | E106: 0.65 - 1.0 | F106: 0.65
D109: للسقف | E109: R¯̽ = | F109: 0.35
D110: للجدار | E110: R¯̽ = | F110: 0.9
B112: للسقف | C112: ḧ = | D112: =I102 -> 0.11803864 | Q112: عند تحديد الزمن الكلي لتأثير الموجة على السقف وعلى الجدار يطلب تعيين قيمة μ و η و Kt بناء على قيمة ḧ | R112: B-2
B113: للجدار | C113: ḧ = | D113: =I104 -> 0.49663737 | I113: للسقف | J113: ḧ = | K113: =I102 -> 0.11803864
B114: ḧ | C114: < 0.4 | D114: 0.4 ~ 1.0 | E114: 1.0 ~ 2 | I114: للجدار | J114: ḧ = | K114: =I104 -> 0.49663737
B115: Kt | C115: 1 | D115: 1~ 1.35 | E115: 1.35~ 1.8 | I115: نوع التربة | K115: قيمة (μ) عند قيمة (ḧ) | N115: η
B116: Kt = | C116: 1 | D116: للسقف | K116: < 0.4 | L116: 0.4 ~ 1.0 | M116: 1.0 ~ 1.5
B117: Kt = | C117: 1.1 | D117: للجدار | I117: رمل رخو او رمل مع شوائب | K117: 0.025 | L117: 0.03 | M117: 0.04 | N117: 0.015
I118: تربة رملية او كلسية | K118: 0.01 | L118: 0.014 | M118: 0.018 | N118: 0.0085
I119: طين مع حجار | K119: 0.006 | L119: 0.008 | M119: 0.01 | N119: 0.001
I120: طين متوسط الكثافة | K120: 0.003 | L120: 0.005 | M120: 0.006 | N120: 0.008
H121: μ = | I121: 0.025 | J121: للسقف | L121: η = | M121: 0.015 | N121: للسقف
...
